floor_type,lx_ft,ly_ft,story_ht_ft,live_psf,method,h_in,M0_kipft,qu_psf,punch_ratio,punch_ok,defl_ratio,defl_ok,col_min_in,col_max_in,As_cs_in2,As_ms_in2,As_total_in2,runtime_s,h_drop_in,a_drop1_ft,a_drop2_ft
flat_plate,16.0,16.0,12.007874015748031,40.0,MDDM,6.404199475065617,77.17787036971933,183.15266473957664,0.760068311906233,true,0.04910869284037587,true,18.0,18.0,5.6,2.4,7.999999999999999,0.516,0.0,0.0,0.0
flat_plate,16.0,16.0,12.007874015748031,40.0,DDM (Full),6.404199475065617,77.17787036971933,183.15266473957664,0.760068311906233,true,0.04910869284037587,true,18.0,18.0,5.999999999999999,2.4,8.399999999999999,0.205,0.0,0.0,0.0
flat_plate,16.0,16.0,12.007874015748031,40.0,EFM (HC),6.404199475065617,77.17787036971933,183.15266473957664,0.9029458137151224,true,0.04910869284037587,true,18.0,18.0,7.199999999999999,2.4,9.599999999999998,0.406,0.0,0.0,0.0
flat_plate,16.0,16.0,12.007874015748031,40.0,EFM (ASAP),6.404199475065617,77.17787036971933,183.15266473957664,0.8915943809715335,true,0.04910869284037587,true,18.0,18.0,7.199999999999999,2.4,9.599999999999998,0.251,0.0,0.0,0.0
flat_plate,16.0,16.0,12.007874015748031,40.0,FEA,6.404199475065617,77.17787036971933,183.15266473957664,0.8887095432679866,true,0.08009151704995035,true,18.0,18.0,5.8,2.4,8.2,13.273,0.0,0.0,0.0
flat_plate,16.0,16.0,12.007874015748031,50.0,MDDM,6.404199475065617,83.9200377723685,199.15266473957664,0.8264669799670636,true,0.0613858660504699,true,18.0,18.0,6.199999999999999,2.4,8.6,0.183,0.0,0.0,0.0
flat_plate,16.0,16.0,12.007874015748031,50.0,DDM (Full),6.404199475065617,83.9200377723685,199.15266473957664,0.8264669799670636,true,0.0613858660504699,true,18.0,18.0,6.599999999999999,2.4,8.999999999999998,0.115,0.0,0.0,0.0
flat_plate,16.0,16.0,12.007874015748031,50.0,EFM (HC),6.404199475065617,83.9200377723685,199.15266473957664,0.981826091214684,true,0.0613858660504699,true,18.0,18.0,7.999999999999999,2.4,10.399999999999999,0.177,0.0,0.0,0.0
flat_plate,16.0,16.0,12.007874015748031,50.0,EFM (ASAP),6.404199475065617,83.9200377723685,199.15266473957664,0.9694830107429245,true,0.0613858660504699,true,18.0,18.0,7.999999999999999,2.4,10.399999999999999,0.166,0.0,0.0,0.0
flat_plate,16.0,16.0,12.007874015748031,50.0,FEA,6.404199475065617,83.9200377723685,199.15266473957664,0.9662292475657854,true,0.1000245073426287,true,18.0,18.0,6.4,2.4,8.799999999999999,4.468,0.0,0.0,0.0
flat_plate,16.0,16.0,12.007874015748031,80.0,MDDM,6.404199475065617,102.95375436259309,247.1526647395766,0.8883923671033509,true,0.09821738568075182,true,18.0,20.0,7.3999999999999995,2.4,9.799999999999999,0.303,0.0,0.0,0.0
flat_plate,16.0,16.0,12.007874015748031,80.0,DDM (Full),6.404199475065617,102.95375436259309,247.1526647395766,0.8883923671033509,true,0.09821738568075182,true,18.0,20.0,7.799999999999999,2.4,10.2,0.272,0.0,0.0,0.0
flat_plate,16.0,16.0,12.007874015748031,80.0,EFM (HC),6.404199475065617,103.25130671796545,247.1526647395766,0.9584850551558246,true,0.09821738568075182,true,18.0,23.999999999999996,9.599999999999998,2.4,11.999999999999998,0.371,0.0,0.0,0.0
flat_plate,16.0,16.0,12.007874015748031,80.0,EFM (ASAP),6.404199475065617,103.25130671796545,247.1526647395766,0.9441867754868969,true,0.09821738568075182,true,18.0,23.999999999999996,9.599999999999998,2.4,11.999999999999998,0.361,0.0,0.0,0.0
flat_plate,16.0,16.0,12.007874015748031,80.0,FEA,6.404199475065617,102.95375436259309,247.1526647395766,0.9255565056598555,true,0.16076508748475912,true,18.0,22.0,7.6,2.4,10.0,6.503,0.0,0.0,0.0
flat_plate,20.0,20.0,12.007874015748031,40.0,MDDM,8.00524934383202,175.83764088359877,206.9408309244708,0.9603729110137565,true,0.04910869284037592,true,18.0,20.0,9.6,3.5999999999999996,13.199999999999998,0.206,0.0,0.0,0.0
flat_plate,20.0,20.0,12.007874015748031,40.0,DDM (Full),8.00524934383202,175.83764088359877,206.9408309244708,0.9603729110137565,true,0.04910869284037592,true,18.0,20.0,10.2,3.5999999999999996,13.799999999999999,0.234,0.0,0.0,0.0
flat_plate,20.0,20.0,12.007874015748031,40.0,EFM (HC),8.00524934383202,176.63361852971732,206.9408309244708,0.9946600387068287,true,0.04910869284037592,true,18.0,22.0,12.2,3.5999999999999996,15.799999999999999,0.347,0.0,0.0,0.0
flat_plate,20.0,20.0,12.007874015748031,40.0,EFM (ASAP),8.00524934383202,176.63361852971732,206.9408309244708,0.9790758663710317,true,0.04910869284037592,true,18.0,22.0,12.2,3.5999999999999996,15.799999999999999,1.241,0.0,0.0,0.0
flat_plate,20.0,20.0,12.007874015748031,40.0,FEA,8.00524934383202,175.83764088359877,206.9408309244708,0.9567625497258383,true,0.0812813851688546,true,18.0,22.0,10.0,3.5999999999999996,13.6,6.43,0.0,0.0,0.0
flat_plate,20.0,20.0,12.007874015748031,50.0,MDDM,8.00524934383202,187.72361158715768,222.94083092447076,0.9102888488466188,true,0.06138586605046992,true,18.0,22.0,10.2,3.5999999999999996,13.799999999999999,0.294,0.0,0.0,0.0
flat_plate,20.0,20.0,12.007874015748031,50.0,DDM (Full),8.00524934383202,187.72361158715768,222.94083092447076,0.9102888488466188,true,0.06138586605046992,true,18.0,22.0,10.999999999999998,3.5999999999999996,14.6,0.31,0.0,0.0,0.0
flat_plate,20.0,20.0,12.007874015748031,50.0,EFM (HC),8.00524934383202,189.86136016098476,222.94083092447076,0.9950736336840553,true,0.06138586605046992,true,18.0,23.999999999999996,13.0,3.5999999999999996,16.599999999999998,0.366,0.0,0.0,0.0
flat_plate,20.0,20.0,12.007874015748031,50.0,EFM (ASAP),8.00524934383202,189.86136016098476,222.94083092447076,0.9782922286904878,true,0.06138586605046992,true,18.0,23.999999999999996,13.0,3.5999999999999996,16.599999999999998,0.324,0.0,0.0,0.0
flat_plate,20.0,20.0,12.007874015748031,50.0,FEA,8.00524934383202,188.5772586266002,222.94083092447076,0.9236946797554205,true,0.10207773930514848,true,18.0,23.999999999999996,10.4,3.5999999999999996,14.0,7.622,0.0,0.0,0.0
flat_plate,20.0,20.0,12.007874015748031,80.0,MDDM,8.00524934383202,226.07339117429794,270.94083092447073,0.983498473444953,true,0.0982173856807518,true,18.0,23.999999999999996,12.399999999999999,3.5999999999999996,15.999999999999998,1.126,0.0,0.0,0.0
flat_plate,20.0,20.0,12.007874015748031,80.0,DDM (Full),8.00524934383202,226.07339117429794,270.94083092447073,0.983498473444953,true,0.0982173856807518,true,18.0,23.999999999999996,13.0,3.5999999999999996,16.599999999999998,0.331,0.0,0.0,0.0
flat_plate,20.0,20.0,12.007874015748031,80.0,EFM (HC),8.00524934383202,229.17865217367725,270.94083092447073,0.9795714972702853,true,0.0982173856807518,true,18.0,29.999999999999993,15.799999999999999,3.5999999999999996,19.4,0.542,0.0,0.0,0.0
flat_plate,20.0,20.0,12.007874015748031,80.0,EFM (ASAP),8.00524934383202,229.17865217367725,270.94083092447073,0.9603911714835223,true,0.0982173856807518,true,18.0,29.999999999999993,15.599999999999998,3.5999999999999996,19.199999999999996,0.566,0.0,0.0,0.0
flat_plate,20.0,20.0,12.007874015748031,80.0,FEA,8.00524934383202,226.33135392230676,270.94083092447073,0.991530924669531,true,0.16322418467091757,true,18.0,27.999999999999993,12.399999999999999,3.8,16.2,11.088,0.0,0.0,0.0
flat_plate,24.0,24.0,12.007874015748031,40.0,MDDM,9.606299212598426,338.2647566385405,230.72899710936494,0.9283337212788929,true,0.049108692840375896,true,20.0,25.999999999999996,15.2,5.199999999999999,20.4,0.439,0.0,0.0,0.0
flat_plate,24.0,24.0,12.007874015748031,40.0,DDM (Full),9.606299212598426,338.2647566385405,230.72899710936494,0.9283337212788929,true,0.049108692840375896,true,20.0,25.999999999999996,15.799999999999999,5.199999999999999,21.0,0.502,0.0,0.0,0.0
flat_plate,24.0,24.0,12.007874015748031,40.0,EFM (HC),9.606299212598426,342.74395132638824,230.72899710936494,0.9606309921375586,true,0.049108692840375896,true,20.0,29.999999999999993,19.0,5.199999999999999,24.200000000000003,0.592,0.0,0.0,0.0
flat_plate,24.0,24.0,12.007874015748031,40.0,EFM (ASAP),9.606299212598426,343.3862412859001,230.72899710936494,0.999363814186379,true,0.049108692840375896,true,20.0,27.999999999999993,19.0,5.199999999999999,24.200000000000003,0.542,0.0,0.0,0.0
flat_plate,24.0,24.0,12.007874015748031,40.0,FEA,9.606299212598426,342.1022626179026,230.72899710936494,0.997584546638968,true,0.08521388573301036,true,20.0,25.999999999999996,15.799999999999999,5.199999999999999,21.0,7.751,0.0,0.0,0.0
flat_plate,24.0,24.0,12.007874015748031,50.0,MDDM,9.606299212598426,361.721869415966,246.7289971093649,0.9927094162567625,true,0.06138586605046984,true,20.0,25.999999999999996,16.0,5.199999999999999,21.200000000000003,1.331,0.0,0.0,0.0
flat_plate,24.0,24.0,12.007874015748031,50.0,DDM (Full),9.606299212598426,361.721869415966,246.7289971093649,0.9927094162567625,true,0.06138586605046984,true,20.0,25.999999999999996,17.0,5.199999999999999,22.2,0.312,0.0,0.0,0.0
flat_plate,24.0,24.0,12.007874015748031,50.0,EFM (HC),9.606299212598426,365.82548887234674,246.7289971093649,0.9669757233893893,true,0.06138586605046984,true,20.0,31.99999999999999,20.2,5.199999999999999,25.4,0.606,0.0,0.0,0.0
flat_plate,24.0,24.0,12.007874015748031,50.0,EFM (ASAP),9.606299212598426,365.82548887234674,246.7289971093649,0.943535647193272,true,0.06138586605046984,true,20.0,31.99999999999999,20.0,5.199999999999999,25.199999999999996,0.586,0.0,0.0,0.0
flat_plate,24.0,24.0,12.007874015748031,50.0,FEA,9.606299212598426,363.0871707879598,246.7289971093649,0.968954135412555,true,0.10640815859934105,true,20.0,27.999999999999993,16.2,5.199999999999999,21.400000000000002,9.559,0.0,0.0,0.0
flat_plate,24.0,24.0,12.007874015748031,80.0,MDDM,9.606299212598426,423.98471676685637,294.7289971093649,0.9754274805866815,true,0.09821738568075175,true,20.0,29.999999999999993,18.8,5.199999999999999,24.0,0.473,0.0,0.0,0.0
flat_plate,24.0,24.0,12.007874015748031,80.0,DDM (Full),9.606299212598426,423.98471676685637,294.7289971093649,0.9754274805866815,true,0.09821738568075175,true,20.0,29.999999999999993,19.8,5.199999999999999,25.0,0.6,0.0,0.0,0.0
flat_plate,24.0,24.0,12.007874015748031,80.0,EFM (HC),9.606299212598426,431.27890252835954,294.7289971093649,0.9578624073335298,true,0.09821738568075175,true,20.0,35.999999999999986,23.8,5.199999999999999,28.999999999999996,0.924,0.0,0.0,0.0
flat_plate,24.0,24.0,12.007874015748031,80.0,EFM (ASAP),9.606299212598426,431.27890252835954,294.7289971093649,0.9971823100775723,true,0.09821738568075175,true,20.0,35.999999999999986,23.8,5.199999999999999,28.999999999999996,0.776,0.0,0.0,0.0
flat_plate,24.0,24.0,12.007874015748031,80.0,FEA,9.606299212598426,423.98471676685637,294.7289971093649,0.9646374541088578,true,0.24977973149870641,true,20.0,33.999999999999986,18.8,5.4,24.2,15.669,0.0,0.0,0.0
flat_plate,28.0,28.0,12.007874015748031,40.0,MDDM,11.194225721784777,589.2447302445804,254.32217832553047,0.9662744382473205,true,0.049108692840375924,true,23.0,30.999999999999993,21.799999999999997,6.8,28.6,0.476,0.0,0.0,0.0
flat_plate,28.0,28.0,12.007874015748031,40.0,DDM (Full),11.194225721784777,589.2447302445804,254.32217832553047,0.9662744382473205,true,0.049108692840375924,true,23.0,30.999999999999993,23.2,6.8,30.0,0.563,0.0,0.0,0.0
flat_plate,28.0,28.0,12.007874015748031,40.0,EFM (HC),11.194225721784777,598.8233969552282,254.32217832553047,1.0,true,0.049108692840375924,true,23.0,34.999999999999986,27.6,6.8,34.400000000000006,0.66,0.0,0.0,0.0
flat_plate,28.0,28.0,12.007874015748031,40.0,EFM (ASAP),11.194225721784777,598.8233969552282,254.32217832553047,0.982525937985917,true,0.049108692840375924,true,23.0,34.999999999999986,27.4,6.8,34.2,0.687,0.0,0.0,0.0
flat_plate,28.0,28.0,12.007874015748031,40.0,FEA,11.194225721784777,593.0669295464493,254.32217832553047,0.9525825034331465,true,0.08512673785497646,true,23.0,32.99999999999999,22.6,6.8,29.400000000000002,11.539,0.0,0.0,0.0
flat_plate,28.0,28.0,12.007874015748031,50.0,MDDM,11.194225721784777,622.2659584229125,270.32217832553044,0.9445393823497805,true,0.061385866050469896,true,23.0,32.99999999999999,23.2,6.8,30.0,0.583,0.0,0.0,0.0
flat_plate,28.0,28.0,12.007874015748031,50.0,DDM (Full),11.194225721784777,622.2659584229125,270.32217832553044,0.9445393823497805,true,0.061385866050469896,true,23.0,32.99999999999999,24.6,6.8,31.400000000000002,0.549,0.0,0.0,0.0
flat_plate,28.0,28.0,12.007874015748031,50.0,EFM (HC),11.194225721784777,636.4967702110193,270.32217832553044,1.0,true,0.061385866050469896,true,23.0,34.999999999999986,29.399999999999995,6.8,36.199999999999996,0.621,0.0,0.0,0.0
flat_plate,28.0,28.0,12.007874015748031,50.0,EFM (ASAP),11.194225721784777,636.4967702110193,270.32217832553044,1.0,true,0.061385866050469896,true,23.0,34.999999999999986,29.399999999999995,6.8,36.199999999999996,0.588,0.0,0.0,0.0
flat_plate,28.0,28.0,12.007874015748031,50.0,FEA,11.194225721784777,626.3154872897863,270.32217832553044,0.9549670266930591,true,0.16517351888624174,true,23.0,34.999999999999986,23.599999999999998,7.0,30.6,12.785,0.0,0.0,0.0
flat_plate,28.0,28.0,12.007874015748031,80.0,MDDM,11.999999999999998,750.4704739965363,330.29425540546896,0.969591957295542,true,0.079730926611583,true,23.0,34.999999999999986,26.2,7.6,33.8,2.978,0.0,0.0,0.0
flat_plate,28.0,28.0,12.007874015748031,80.0,DDM (Full),11.999999999999998,750.4704739965363,330.29425540546896,0.969591957295542,true,0.079730926611583,true,23.0,34.999999999999986,28.0,7.6,35.6,0.736,0.0,0.0,0.0
flat_plate,28.0,28.0,12.007874015748031,80.0,EFM (HC),11.194225721784777,737.5277584254042,318.3221783255304,1.0,true,0.09821738568075185,true,23.0,34.999999999999986,34.8,7.0,41.800000000000004,0.615,0.0,0.0,0.0
flat_plate,28.0,28.0,12.007874015748031,80.0,EFM (ASAP),11.194225721784777,737.5277584254042,318.3221783255304,0.9999999999999999,true,0.09821738568075174,true,23.0,34.999999999999986,34.6,7.0,41.6,0.64,0.0,0.0,0.0
flat_plate,28.0,28.0,12.007874015748031,80.0,FEA,11.194225721784777,725.6352894786547,318.3221783255304,1.0,true,0.5161351745051118,true,23.0,34.999999999999986,27.2,7.799999999999999,35.0,13.286,0.0,0.0,0.0
flat_plate,32.0,32.0,12.007874015748031,40.0,MDDM,12.795275590551181,961.5124509230764,278.1103445104246,0.9999999999999999,true,0.049108692840375924,true,26.0,35.99999999999999,31.0,9.200000000000001,40.2,1.371,0.0,0.0,0.0
flat_plate,32.0,32.0,12.007874015748031,40.0,DDM (Full),12.795275590551181,961.5124509230764,278.1103445104246,0.9999999999999999,true,0.049108692840375924,true,26.0,35.99999999999999,32.8,9.200000000000001,42.0,0.631,0.0,0.0,0.0
flat_plate,32.0,32.0,12.007874015748031,40.0,EFM (HC),12.795275590551181,982.0579880648336,278.1103445104246,1.0,true,0.049108692840375924,true,26.0,35.99999999999999,39.2,9.200000000000001,48.400000000000006,0.559,0.0,0.0,0.0
flat_plate,32.0,32.0,12.007874015748031,40.0,EFM (ASAP),12.795275590551181,982.0579880648336,278.1103445104246,0.9999999999999999,true,0.049108692840375924,true,26.0,35.99999999999999,39.2,9.200000000000001,48.400000000000006,0.489,0.0,0.0,0.0
flat_plate,32.0,32.0,12.007874015748031,40.0,FEA,13.5,1006.2134172092437,288.5810373311526,1.0,true,0.07571604446895168,true,26.0,35.99999999999999,32.8,9.6,42.4,14.297,0.0,0.0,0.0
flat_plate,32.0,32.0,12.007874015748031,50.0,MDDM,12.795275590551181,1013.9496887713894,294.11034451042457,0.9999999999999999,true,0.0613858660504699,true,26.0,35.99999999999999,32.599999999999994,9.200000000000001,41.8,1.436,0.0,0.0,0.0
flat_plate,32.0,32.0,12.007874015748031,50.0,DDM (Full),12.795275590551181,1013.9496887713894,294.11034451042457,0.9999999999999999,true,0.0613858660504699,true,26.0,35.99999999999999,34.6,9.200000000000001,43.8,0.554,0.0,0.0,0.0
flat_plate,32.0,32.0,12.007874015748031,50.0,EFM (HC),12.795275590551181,1031.2888494574138,294.11034451042457,1.0,true,0.06138586605046996,true,26.0,35.99999999999999,41.6,9.200000000000001,50.8,0.522,0.0,0.0,0.0
flat_plate,32.0,32.0,12.007874015748031,50.0,EFM (ASAP),13.5,1068.0040108030148,304.58103733115263,1.0,true,0.05226560897622038,true,26.0,35.99999999999999,40.8,9.6,50.400000000000006,0.933,0.0,0.0,0.0
flat_plate,32.0,32.0,12.007874015748031,50.0,FEA,13.5,1056.016125013976,304.58103733115263,1.0,true,0.17852645625648364,true,26.0,35.99999999999999,35.0,9.6,44.599999999999994,12.428,0.0,0.0,0.0
flat_plate,32.0,32.0,12.007874015748031,80.0,MDDM,12.795275590551181,1172.7453908837815,342.1103445104246,1.0,true,0.09821738568075185,true,26.0,35.99999999999999,37.6,9.200000000000001,46.8,1.272,0.0,0.0,0.0
flat_plate,32.0,32.0,12.007874015748031,80.0,DDM (Full),12.795275590551181,1172.7453908837815,342.1103445104246,1.0,true,0.09821738568075179,true,26.0,35.99999999999999,39.800000000000004,9.6,49.400000000000006,0.635,0.0,0.0,0.0
flat_plate,32.0,32.0,12.007874015748031,80.0,EFM (HC),12.795275590551181,1182.7800091917343,342.1103445104246,1.0,true,0.09821738568075185,true,26.0,35.99999999999999,48.8,9.8,58.6,0.37,0.0,0.0,0.0
flat_plate,32.0,32.0,12.007874015748031,80.0,EFM (ASAP),12.795275590551181,1181.1046041953264,342.1103445104246,1.0,true,0.0982173856807519,true,26.0,35.99999999999999,48.6,10.0,58.6,0.475,0.0,0.0,0.0
flat_plate,32.0,32.0,12.007874015748031,80.0,FEA,13.5,1208.6386543933697,352.58103733115263,1.0,true,0.454357590795044,true,26.0,35.99999999999999,38.599999999999994,10.4,49.0,12.385,0.0,0.0,0.0
flat_plate,36.0,36.0,12.007874015748031,40.0,MDDM,14.39632545931759,1504.5063190044903,301.89851069531875,1.0,true,0.04910869284037596,true,28.999999999999996,34.99999999999999,42.6,11.200000000000001,53.800000000000004,1.158,0.0,0.0,0.0
flat_plate,36.0,36.0,12.007874015748031,40.0,DDM (Full),14.39632545931759,1504.5063190044903,301.89851069531875,1.0,true,0.04910869284037596,true,28.999999999999996,34.99999999999999,45.0,11.200000000000001,56.2,0.339,0.0,0.0,0.0
flat_plate,36.0,36.0,12.007874015748031,40.0,EFM (HC),14.39632545931759,1515.8285789763854,301.89851069531875,1.0,true,0.04910869284037596,true,28.999999999999996,34.99999999999999,54.0,11.4,65.4,0.371,0.0,0.0,0.0
flat_plate,36.0,36.0,12.007874015748031,40.0,EFM (ASAP),14.39632545931759,1513.9385881724108,301.89851069531875,1.0,true,0.04910869284037596,true,28.999999999999996,34.99999999999999,54.0,11.4,65.4,0.355,0.0,0.0,0.0
flat_plate,36.0,36.0,12.007874015748031,40.0,FEA,14.39632545931759,1504.5063190044903,301.89851069531875,1.0,true,0.39308802926613107,true,28.999999999999996,34.99999999999999,45.4,12.2,57.599999999999994,7.832,0.0,0.0,0.0
flat_plate,36.0,36.0,12.007874015748031,50.0,MDDM,14.39632545931759,1580.2778851425542,317.8985106953188,1.0,true,0.061385866050469876,true,28.999999999999996,34.99999999999999,44.599999999999994,11.200000000000001,55.8,0.336,0.0,0.0,0.0
flat_plate,36.0,36.0,12.007874015748031,50.0,DDM (Full),14.39632545931759,1580.2778851425542,317.8985106953188,1.0,true,0.061385866050469834,true,28.999999999999996,34.99999999999999,47.199999999999996,11.4,58.6,0.414,0.0,0.0,0.0
flat_plate,36.0,36.0,12.007874015748031,50.0,FEA,15.5,1661.793742024543,334.2967465653974,1.0,true,0.24669450830593612,true,28.999999999999996,34.99999999999999,47.2,12.599999999999998,59.800000000000004,11.945,0.0,0.0,0.0
flat_plate,36.0,36.0,12.007874015748031,80.0,MDDM,14.39632545931759,1814.3295329091736,365.8985106953188,1.0,true,0.09821738568075182,true,28.999999999999996,34.99999999999999,51.0,11.200000000000001,62.2,0.402,0.0,0.0,0.0
flat_plate,36.0,36.0,12.007874015748031,80.0,DDM (Full),14.39632545931759,1814.3295329091736,365.8985106953188,1.0,true,0.09821738568075192,true,28.999999999999996,34.99999999999999,54.0,12.2,66.2,0.436,0.0,0.0,0.0
flat_plate,40.0,40.0,12.992125984251969,40.0,MDDM,15.997375328083992,2238.2189756485755,325.686676880213,1.0,true,0.04910869284037579,true,32.0,35.99999999999999,56.400000000000006,14.0,70.39999999999999,0.245,0.0,0.0,0.0
flat_plate,40.0,40.0,12.992125984251969,40.0,DDM (Full),15.997375328083992,2238.2189756485755,325.686676880213,1.0,true,0.049108692840375834,true,32.0,35.99999999999999,59.79999999999999,14.399999999999999,74.19999999999999,0.269,0.0,0.0,0.0
flat_plate,40.0,40.0,12.992125984251969,50.0,MDDM,15.997375328083992,2348.1758948367333,341.68667688021293,0.9999999999999999,true,0.06138586605046992,true,32.0,35.99999999999999,59.199999999999996,14.0,73.2,0.218,0.0,0.0,0.0
flat_plate,40.0,40.0,12.992125984251969,50.0,DDM (Full),15.997375328083992,2348.1758948367333,341.68667688021293,0.9999999999999999,true,0.06138586605046979,true,32.0,35.99999999999999,62.6,14.6,77.2,1.132,0.0,0.0,0.0
flat_slab,16.0,16.0,12.007874015748031,40.0,MDDM,5.821999522786926,75.09800502294657,178.2168861448048,0.529267362431109,true,0.06536367017054028,true,18.0,18.0,5.999999999999999,2.4,8.399999999999999,4.818,2.25,2.6684164479440073,2.6684164479440073
flat_slab,16.0,16.0,12.007874015748031,40.0,DDM (Full),5.821999522786926,75.09800502294657,178.2168861448048,0.529267362431109,true,0.06536367017054028,true,18.0,18.0,6.4,2.4,8.799999999999999,0.143,2.25,2.6684164479440073,2.6684164479440073
flat_slab,16.0,16.0,12.007874015748031,40.0,EFM (HC),5.821999522786926,73.53278403743307,174.5024224905242,0.7394291756027465,true,0.06536367017054028,true,18.0,18.0,7.6,2.4,10.0,4.721,2.25,2.6684164479440073,2.6684164479440073
flat_slab,16.0,16.0,12.007874015748031,40.0,EFM (ASAP),5.821999522786926,73.53278403743307,174.5024224905242,0.612379168164003,true,0.06536367017054028,true,18.0,18.0,7.800000000000001,2.4,10.2,0.284,2.25,2.6684164479440073,2.6684164479440073
flat_slab,16.0,16.0,12.007874015748031,40.0,FEA,5.821999522786926,73.53278403743307,174.5024224905242,0.6079982728308518,true,0.09643606314079323,true,18.0,18.0,6.199999999999999,2.4,8.6,8.278,2.25,2.6684164479440073,2.6684164479440073
flat_slab,16.0,16.0,12.007874015748031,50.0,MDDM,5.821999522786926,81.84017242559577,194.2168861448048,0.5767840595414887,true,0.08170458771317532,true,18.0,18.0,6.599999999999999,2.4,8.999999999999998,1.141,2.25,2.6684164479440073,2.6684164479440073
flat_slab,16.0,16.0,12.007874015748031,50.0,DDM (Full),5.821999522786926,81.84017242559577,194.2168861448048,0.5767840595414887,true,0.08170458771317532,true,18.0,18.0,7.0,2.4,9.4,0.15,2.25,2.6684164479440073,2.6684164479440073
flat_slab,16.0,16.0,12.007874015748031,50.0,EFM (HC),5.821999522786926,80.27495144008228,190.50242249052422,0.8072268980686703,true,0.08170458771317535,true,18.0,18.0,8.4,2.4,10.8,0.181,2.25,2.6684164479440073,2.6684164479440073
flat_slab,16.0,16.0,12.007874015748031,50.0,EFM (ASAP),5.821999522786926,80.27495144008228,190.50242249052422,0.6685277679988053,true,0.08170458771317532,true,18.0,18.0,8.4,2.4,10.8,0.199,2.25,2.6684164479440073,2.6684164479440073
flat_slab,16.0,16.0,12.007874015748031,50.0,FEA,5.821999522786926,80.27495144008228,190.50242249052422,0.6637451915638681,true,0.1205450789259913,true,18.0,18.0,6.8,2.4,9.2,4.356,2.25,2.6684164479440073,2.6684164479440073
flat_slab,16.0,16.0,12.007874015748031,80.0,MDDM,5.821999522786926,102.06667463354333,242.2168861448048,0.7193341508726283,true,0.13072734034108052,true,18.0,18.0,8.2,2.4,10.6,0.215,2.25,2.6684164479440073,2.6684164479440073
flat_slab,16.0,16.0,12.007874015748031,80.0,DDM (Full),5.821999522786926,102.06667463354333,242.2168861448048,0.7193341508726283,true,0.13072734034108052,true,18.0,18.0,8.799999999999999,2.4,11.2,0.138,2.25,2.6684164479440073,2.6684164479440073
flat_slab,16.0,16.0,12.007874015748031,80.0,EFM (HC),5.821999522786926,100.21307248827009,238.50242249052422,0.9147429136940132,true,0.13072734034108047,true,18.0,20.0,10.4,2.4,12.8,0.244,2.25,2.6684164479440073,2.6684164479440073
flat_slab,16.0,16.0,12.007874015748031,80.0,EFM (ASAP),5.821999522786926,100.50145364802984,238.50242249052422,0.8369735675032122,true,0.13072734034108052,true,18.0,18.0,10.8,2.4,13.200000000000001,0.246,2.25,2.6684164479440073,2.6684164479440073
flat_slab,16.0,16.0,12.007874015748031,80.0,FEA,5.821999522786926,100.50145364802984,238.50242249052422,0.8309859477629157,true,0.23436198895808774,true,18.0,18.0,8.6,2.6,11.2,3.563,2.25,2.6684164479440073,2.6684164479440073
flat_slab,20.0,20.0,12.007874015748031,40.0,MDDM,7.277499403483655,171.34526656511798,199.84249176743583,0.8276651959248109,true,0.06536367017054029,true,18.0,18.0,10.4,3.2,13.600000000000001,0.132,2.25,3.335520559930009,3.335520559930009
flat_slab,20.0,20.0,12.007874015748031,40.0,DDM (Full),7.277499403483655,171.34526656511798,199.84249176743583,0.8276651959248109,true,0.06536367017054029,true,18.0,18.0,10.8,3.2,14.0,0.165,2.25,3.335520559930009,3.335520559930009
flat_slab,20.0,20.0,12.007874015748031,40.0,EFM (HC),7.277499403483655,167.78222119912482,196.12802811315524,0.943147454935947,true,0.06536367017054029,true,18.0,20.0,12.8,3.2,16.0,0.174,2.25,3.335520559930009,3.335520559930009
flat_slab,20.0,20.0,12.007874015748031,40.0,EFM (ASAP),7.277499403483655,168.160479589334,196.12802811315524,0.8533924696798401,true,0.06536367017054037,true,18.0,18.0,13.0,3.2,16.2,0.184,2.25,3.335520559930009,3.335520559930009
flat_slab,20.0,20.0,12.007874015748031,40.0,FEA,7.277499403483655,168.160479589334,196.12802811315524,0.9120738646415893,true,0.12295504241571757,true,18.0,18.0,10.8,3.2,14.0,3.611,2.25,3.335520559930009,3.335520559930009
flat_slab,20.0,20.0,12.007874015748031,50.0,MDDM,7.277499403483655,185.06369171482189,215.84249176743583,0.8939305983308614,true,0.08170458771317542,true,18.0,18.0,10.999999999999998,3.2,14.2,0.127,2.25,3.335520559930009,3.335520559930009
flat_slab,20.0,20.0,12.007874015748031,50.0,DDM (Full),7.277499403483655,185.06369171482189,215.84249176743583,0.8939305983308614,true,0.08170458771317542,true,18.0,18.0,11.799999999999999,3.2,14.999999999999998,0.148,2.25,3.335520559930009,3.335520559930009
flat_slab,20.0,20.0,12.007874015748031,50.0,EFM (HC),7.277499403483655,181.0611324493793,212.12802811315524,0.9416568430496174,true,0.08170458771317538,true,18.0,22.0,13.6,3.2,16.799999999999997,0.275,2.25,3.335520559930009,3.335520559930009
flat_slab,20.0,20.0,12.007874015748031,50.0,EFM (ASAP),7.277499403483655,181.87890473903786,212.12802811315524,0.923011685486159,true,0.08170458771317538,true,18.0,18.0,14.0,3.2,17.200000000000003,0.131,2.25,3.335520559930009,3.335520559930009
flat_slab,20.0,20.0,12.007874015748031,50.0,FEA,7.277499403483655,181.87890473903786,212.12802811315524,0.9864802713885434,true,0.15956519381743287,true,18.0,18.0,11.6,3.4,15.0,3.53,2.25,3.335520559930009,3.335520559930009
flat_slab,20.0,20.0,12.007874015748031,80.0,MDDM,7.277499403483655,224.18698673423668,263.8424917674359,0.9554859184571795,true,0.13072734034108063,true,18.0,20.0,13.4,3.2,16.6,0.199,2.25,3.335520559930009,3.335520559930009
flat_slab,20.0,20.0,12.007874015748031,80.0,DDM (Full),7.277499403483655,224.18698673423668,263.8424917674359,0.9554859184571795,true,0.13072734034108066,true,18.0,20.0,14.4,3.4,17.8,0.28,2.25,3.335520559930009,3.335520559930009
flat_slab,20.0,20.0,12.007874015748031,80.0,EFM (HC),7.277499403483655,221.0308066647995,260.12802811315527,0.9826493624735657,true,0.13072734034108066,true,18.0,25.999999999999996,16.599999999999998,3.4,20.0,0.43,2.25,3.335520559930009,3.335520559930009
flat_slab,20.0,20.0,12.007874015748031,80.0,EFM (ASAP),7.277499403483655,222.03136365774284,260.12802811315527,0.9739924605573045,true,0.13072734034108063,true,18.0,22.0,17.2,3.8,20.999999999999996,0.32,2.25,3.335520559930009,3.335520559930009
flat_slab,20.0,20.0,12.007874015748031,80.0,FEA,7.277499403483655,221.0308066647995,260.12802811315527,0.9488456627866445,true,0.42796795505179386,true,18.0,22.0,14.0,3.8,17.8,6.957,2.25,3.335520559930009,3.335520559930009
flat_slab,24.0,24.0,12.007874015748031,40.0,MDDM,8.732999284180387,329.6035543008392,221.4680973900669,0.9205118896247425,true,0.06536367017054028,true,20.0,22.0,15.799999999999999,4.8,20.599999999999998,0.173,2.25,4.002624671916011,4.002624671916011
flat_slab,24.0,24.0,12.007874015748031,40.0,DDM (Full),8.732999284180387,329.6035543008392,221.4680973900669,0.9205118896247425,true,0.06536367017054028,true,20.0,22.0,16.8,4.8,21.6,0.256,2.25,4.002624671916011,4.002624671916011
flat_slab,24.0,24.0,12.007874015748031,40.0,EFM (HC),8.732999284180387,324.68217974596786,217.7536337357863,0.9909188883356072,true,0.06536367017054034,true,20.0,25.999999999999996,19.4,4.8,24.2,0.374,2.25,4.002624671916011,4.002624671916011
flat_slab,24.0,24.0,12.007874015748031,40.0,EFM (ASAP),8.732999284180387,325.8973567357822,217.7536337357863,0.9631403561847629,true,0.06536367017054028,true,20.0,22.0,19.799999999999997,4.8,24.599999999999998,0.221,2.25,4.002624671916011,4.002624671916011
flat_slab,24.0,24.0,12.007874015748031,40.0,FEA,8.732999284180387,325.28948452145227,217.7536337357863,0.9630781336220064,true,0.1918149391849951,true,20.0,22.0,17.2,4.8,21.999999999999996,6.014,2.25,4.002624671916011,4.002624671916011
flat_slab,24.0,24.0,12.007874015748031,50.0,MDDM,8.732999284180387,353.41581859967886,237.4680973900669,0.987014426141573,true,0.0817045877131754,true,20.0,22.0,17.0,4.8,21.799999999999997,0.186,2.25,4.002624671916011,4.002624671916011
flat_slab,24.0,24.0,12.007874015748031,50.0,DDM (Full),8.732999284180387,353.41581859967886,237.4680973900669,0.987014426141573,true,0.08170458771317538,true,20.0,22.0,17.999999999999996,4.8,22.799999999999997,0.256,2.25,4.002624671916011,4.002624671916011
flat_slab,24.0,24.0,12.007874015748031,50.0,EFM (HC),8.732999284180387,347.8877067081687,233.75363373578634,0.9937074696134004,true,0.08170458771317538,true,20.0,27.999999999999993,20.8,4.8,25.6,0.601,2.25,4.002624671916011,4.002624671916011
flat_slab,24.0,24.0,12.007874015748031,50.0,EFM (ASAP),8.732999284180387,349.1909536407155,233.75363373578634,0.9691520797635069,true,0.08170458771317533,true,20.0,23.999999999999996,21.400000000000002,4.8,26.2,0.257,2.25,4.002624671916011,4.002624671916011
flat_slab,24.0,24.0,12.007874015748031,50.0,FEA,8.732999284180387,347.8877067081687,233.75363373578634,0.9310211270374212,true,0.33482935633233873,true,20.0,23.999999999999996,17.999999999999996,5.2,23.2,7.084,2.25,4.002624671916011,4.002624671916011
flat_slab,24.0,24.0,12.007874015748031,80.0,MDDM,8.732999284180387,418.5160846772424,285.46809739006693,0.956799322115948,true,0.13072734034108055,true,20.0,25.999999999999996,20.2,4.8,25.0,0.336,2.25,4.002624671916011,4.002624671916011
flat_slab,24.0,24.0,12.007874015748031,80.0,DDM (Full),8.732999284180387,418.5160846772424,285.46809739006693,0.956799322115948,true,0.13072734034108055,true,20.0,25.999999999999996,21.6,5.2,26.8,0.464,2.25,4.002624671916011,4.002624671916011
flat_slab,24.0,24.0,12.007874015748031,80.0,EFM (HC),8.732999284180387,416.97371412551314,281.7536337357863,0.9816053495513481,true,0.13072734034108055,true,20.0,33.999999999999986,24.799999999999997,5.0,29.8,0.599,2.25,4.002624671916011,4.002624671916011
flat_slab,24.0,24.0,12.007874015748031,80.0,EFM (ASAP),8.732999284180387,418.5401702300892,281.7536337357863,0.9654177671206571,true,0.13072734034108055,true,20.0,29.999999999999993,25.4,5.4,30.799999999999997,0.52,2.25,4.002624671916011,4.002624671916011
flat_slab,24.0,24.0,12.007874015748031,80.0,FEA,8.732999284180387,416.1915873955356,281.7536337357863,0.9311725610610713,true,0.7545454970833506,true,20.0,27.999999999999993,21.6,5.6,27.200000000000003,10.774,2.25,4.002624671916011,4.002624671916011
flat_slab,28.0,28.0,12.007874015748031,40.0,MDDM,10.176568837986162,585.3418130435449,246.21818942068901,0.9630637292710797,true,0.06536367017054029,true,23.0,23.0,23.4,6.4,29.8,0.129,4.25,4.664260717410323,4.664260717410323
flat_slab,28.0,28.0,12.007874015748031,40.0,DDM (Full),10.176568837986162,585.3418130435449,246.21818942068901,0.9630637292710797,true,0.06536367017054023,true,23.0,23.0,24.800000000000004,6.4,31.200000000000006,0.123,4.25,4.664260717410323,4.664260717410323
flat_slab,28.0,28.0,12.007874015748031,40.0,EFM (HC),10.176568837986162,565.9385131960137,239.20198029593675,0.990378669132151,true,0.0653636701705402,true,23.0,28.999999999999993,28.200000000000003,6.4,34.6,0.375,4.25,4.664260717410323,4.664260717410323
flat_slab,28.0,28.0,12.007874015748031,40.0,EFM (ASAP),10.176568837986162,568.6619707482298,239.20198029593675,0.9351409534072361,true,0.06536367017054036,true,23.0,23.0,28.999999999999996,6.599999999999999,35.599999999999994,0.178,4.25,4.664260717410323,4.664260717410323
flat_slab,28.0,28.0,12.007874015748031,40.0,FEA,10.176568837986162,568.6619707482298,239.20198029593675,0.9773262359137332,true,0.3353102026881686,true,23.0,23.0,24.6,6.8,31.400000000000002,3.784,4.25,4.664260717410323,4.664260717410323
flat_slab,28.0,28.0,12.007874015748031,50.0,MDDM,10.176568837986162,619.3999995365324,262.21818942068904,0.9274620014373852,true,0.08170458771317533,true,23.0,24.999999999999996,24.999999999999996,6.4,31.4,0.154,4.25,4.664260717410323,4.664260717410323
flat_slab,28.0,28.0,12.007874015748031,50.0,DDM (Full),10.176568837986162,619.3999995365324,262.21818942068904,0.9274620014373852,true,0.08170458771317533,true,23.0,24.999999999999996,26.399999999999995,6.599999999999999,32.99999999999999,0.234,4.25,4.664260717410323,4.664260717410323
flat_slab,28.0,28.0,12.007874015748031,50.0,EFM (HC),10.176568837986162,602.8266262773359,255.20198029593675,0.9958729587087448,true,0.08170458771317536,true,23.0,30.999999999999993,30.0,6.4,36.4,0.416,4.25,4.664260717410323,4.664260717410323
flat_slab,28.0,28.0,12.007874015748031,50.0,EFM (ASAP),10.176568837986162,606.6992458607311,255.20198029593675,0.9976916699021611,true,0.08170458771317542,true,23.0,23.0,31.0,6.8,37.8,0.183,4.25,4.664260717410323,4.664260717410323
flat_slab,28.0,28.0,12.007874015748031,50.0,FEA,10.176568837986162,604.7613861620392,255.20198029593675,0.9498815224431918,true,0.4658698233442551,true,23.0,24.999999999999996,26.2,7.0,33.2,5.545,4.25,4.664260717410323,4.664260717410323
flat_slab,28.0,28.0,12.007874015748031,80.0,MDDM,10.176568837986162,728.0910350386988,310.21818942068904,0.9983622420601829,true,0.1307273403410805,true,23.0,26.999999999999996,29.2,6.4,35.6,0.238,4.25,4.664260717410323,4.664260717410323
flat_slab,28.0,28.0,12.007874015748031,80.0,DDM (Full),10.176568837986162,728.0910350386988,310.21818942068904,0.9983622420601829,true,0.13072734034108055,true,23.0,26.999999999999996,31.200000000000003,7.3999999999999995,38.6,0.26,4.25,4.664260717410323,4.664260717410323
flat_slab,28.0,28.0,12.007874015748031,80.0,EFM (HC),10.176568837986162,713.9150859739958,303.2019802959368,0.9999999999999999,true,0.13072734034108052,true,23.0,34.999999999999986,35.4,7.199999999999999,42.6,0.59,4.25,4.664260717410323,4.664260717410323
flat_slab,28.0,28.0,12.007874015748031,80.0,EFM (ASAP),10.176568837986162,716.2100648688303,303.2019802959368,0.9554579443611337,true,0.1307273403410807,true,23.0,30.999999999999993,36.6,7.6,44.2,0.528,4.25,4.664260717410323,4.664260717410323
flat_slab,28.0,28.0,12.007874015748031,80.0,FEA,10.176568837986162,713.9150859739958,303.2019802959368,0.9497965860866096,true,0.8637819333872232,true,23.0,28.999999999999993,30.6,7.799999999999999,38.4,8.448,4.25,4.664260717410323,4.664260717410323
flat_slab,32.0,32.0,12.007874015748031,40.0,MDDM,11.632068718682893,941.8307905604008,267.84379504332014,0.9252324600273515,true,0.06536367017054039,true,26.0,29.999999999999996,32.6,8.4,41.0,1.093,4.25,5.331364829396326,5.331364829396326
flat_slab,32.0,32.0,12.007874015748031,40.0,DDM (Full),11.632068718682893,941.8307905604008,267.84379504332014,0.9252324600273515,true,0.06536367017054028,true,26.0,29.999999999999996,34.6,8.600000000000001,43.2,0.253,4.25,5.331364829396326,5.331364829396326
flat_slab,32.0,32.0,12.007874015748031,40.0,EFM (HC),11.632068718682893,921.029437829469,260.8275859185679,0.9999999999999999,true,0.06536367017054033,true,26.0,35.99999999999999,39.400000000000006,8.4,47.800000000000004,0.456,4.25,5.331364829396326,5.331364829396326
flat_slab,32.0,32.0,12.007874015748031,40.0,EFM (ASAP),11.632068718682893,924.9076343771335,260.8275859185679,0.9677009841137311,true,0.06536367017054033,true,26.0,29.999999999999996,40.6,8.799999999999999,49.400000000000006,0.299,4.25,5.331364829396326,5.331364829396326
flat_slab,32.0,32.0,12.007874015748031,40.0,FEA,11.632068718682893,922.3212646949545,260.8275859185679,0.9562206891216058,true,0.4707983868323474,true,26.0,29.999999999999996,36.199999999999996,9.0,45.199999999999996,7.103,4.25,5.331364829396326,5.331364829396326
flat_slab,32.0,32.0,12.007874015748031,50.0,MDDM,11.632068718682893,998.0922867303201,283.84379504332014,0.9805024331773484,true,0.08170458771317536,true,26.0,29.999999999999996,34.6,8.4,43.0,0.25,4.25,5.331364829396326,5.331364829396326
flat_slab,32.0,32.0,12.007874015748031,50.0,DDM (Full),11.632068718682893,998.0922867303201,283.84379504332014,0.9805024331773484,true,0.08170458771317536,true,26.0,29.999999999999996,36.6,8.799999999999999,45.400000000000006,0.296,4.25,5.331364829396326,5.331364829396326
flat_slab,32.0,32.0,12.007874015748031,50.0,EFM (HC),11.632068718682893,977.5283351887088,276.8275859185679,1.0,true,0.08170458771317546,true,26.0,35.99999999999999,41.800000000000004,8.600000000000001,50.400000000000006,0.388,4.25,5.331364829396326,5.331364829396326
flat_slab,32.0,32.0,12.007874015748031,50.0,EFM (ASAP),11.632068718682893,980.2714393715482,276.8275859185679,0.9782385096689891,true,0.0817045877131753,true,26.0,31.999999999999996,43.0,9.0,52.00000000000001,0.295,4.25,5.331364829396326,5.331364829396326
flat_slab,32.0,32.0,12.007874015748031,50.0,FEA,11.632068718682893,976.8431596755734,276.8275859185679,0.9822656348994981,true,0.6112531412707032,true,26.0,31.999999999999996,38.39999999999999,9.599999999999998,47.99999999999999,9.071,4.25,5.331364829396326,5.331364829396326
flat_slab,32.0,32.0,12.007874015748031,80.0,MDDM,11.632068718682893,1153.7974362831783,331.84379504332014,0.9800365040857303,true,0.1307273403410806,true,26.0,33.99999999999999,40.2,8.4,48.6,0.349,4.25,5.331364829396326,5.331364829396326
flat_slab,32.0,32.0,12.007874015748031,80.0,DDM (Full),11.632068718682893,1153.7974362831783,331.84379504332014,0.9800365040857303,true,0.1307273403410806,true,26.0,33.99999999999999,42.6,10.0,52.6,0.499,4.25,5.331364829396326,5.331364829396326
flat_slab,32.0,32.0,12.007874015748031,80.0,EFM (HC),11.632068718682893,1147.0250272664284,324.8275859185678,0.9999999999999999,true,0.1307273403410806,true,26.0,35.99999999999999,49.8,9.8,59.6,0.601,4.25,5.331364829396326,5.331364829396326
flat_slab,32.0,32.0,12.007874015748031,80.0,EFM (ASAP),11.632068718682893,1147.0250272664284,324.8275859185678,1.0,true,0.13072734034108066,true,26.0,35.99999999999999,50.599999999999994,10.4,61.0,0.533,4.25,5.331364829396326,5.331364829396326
flat_slab,32.0,32.0,12.007874015748031,80.0,FEA,12.5,1185.0491817415127,337.7231827140302,0.9568928493416027,true,0.7005421809333805,true,26.0,35.99999999999999,43.2,10.6,53.800000000000004,14.774,4.25,5.331364829396326,5.331364829396326
flat_slab,36.0,36.0,12.007874015748031,40.0,MDDM,13.087568599379626,1446.1802376278506,289.4694006659511,0.9832534202962641,true,0.06536367017054037,true,28.999999999999996,34.99999999999999,44.2,10.399999999999999,54.6,0.316,4.25,5.9984689413823284,5.9984689413823284
flat_slab,36.0,36.0,12.007874015748031,40.0,DDM (Full),13.087568599379626,1446.1802376278506,289.4694006659511,0.9832534202962641,true,0.06536367017054028,true,28.999999999999996,34.99999999999999,46.99999999999999,11.2,58.199999999999996,0.478,4.25,5.9984689413823284,5.9984689413823284
flat_slab,36.0,36.0,12.007874015748031,40.0,EFM (HC),13.087568599379626,1427.0517061667208,282.4531915411989,1.0,true,0.06536367017054028,true,28.999999999999996,34.99999999999999,54.4,10.8,65.19999999999999,0.28,4.25,5.9984689413823284,5.9984689413823284
flat_slab,36.0,36.0,12.007874015748031,40.0,EFM (ASAP),13.087568599379626,1427.0517061667208,282.4531915411989,1.0,true,0.06536367017054046,true,28.999999999999996,34.99999999999999,55.2,11.399999999999999,66.60000000000001,0.368,4.25,5.9984689413823284,5.9984689413823284
flat_slab,36.0,36.0,12.007874015748031,40.0,FEA,14.0,1489.9719850463982,296.0099646397138,0.9911230884256041,true,0.42249004594126693,true,28.999999999999996,34.99999999999999,45.400000000000006,12.000000000000002,57.4,11.556,4.25,5.9984689413823284,5.9984689413823284
flat_slab,36.0,36.0,12.007874015748031,50.0,MDDM,13.087568599379626,1526.1157463510958,305.4694006659512,1.0,true,0.08170458771317529,true,28.999999999999996,34.99999999999999,46.599999999999994,10.399999999999999,57.0,0.33,4.25,5.9984689413823284,5.9984689413823284
flat_slab,36.0,36.0,12.007874015748031,50.0,DDM (Full),13.087568599379626,1526.1157463510958,305.4694006659512,1.0,true,0.08170458771317529,true,28.999999999999996,34.99999999999999,49.4,11.399999999999999,60.8,0.419,4.25,5.9984689413823284,5.9984689413823284
flat_slab,36.0,36.0,12.007874015748031,50.0,EFM (HC),13.087568599379626,1507.8892678670536,298.4531915411989,1.0,true,0.08170458771317535,true,28.999999999999996,34.99999999999999,57.4,11.4,68.80000000000001,0.435,4.25,5.9984689413823284,5.9984689413823284
flat_slab,36.0,36.0,12.007874015748031,50.0,EFM (ASAP),14.0,1576.3827979800915,312.00996463971387,1.0,true,0.06674815242950813,true,28.999999999999996,34.99999999999999,57.2,11.799999999999999,69.0,0.747,4.25,5.9984689413823284,5.9984689413823284
flat_slab,36.0,36.0,12.007874015748031,50.0,FEA,13.087568599379626,1502.2700157588285,298.4531915411989,1.0,true,0.7218623769539858,true,28.999999999999996,34.99999999999999,48.8,12.399999999999999,61.2,9.006,4.25,5.9984689413823284,5.9984689413823284
flat_slab,36.0,36.0,12.007874015748031,80.0,MDDM,13.087568599379626,1765.92227252083,353.4694006659512,1.0,true,0.13072734034108063,true,28.999999999999996,34.99999999999999,53.800000000000004,10.8,64.6,1.238,4.25,5.9984689413823284,5.9984689413823284
flat_slab,36.0,36.0,12.007874015748031,80.0,DDM (Full),13.087568599379626,1765.92227252083,353.4694006659512,1.0,true,0.1307273403410804,true,28.999999999999996,34.99999999999999,57.39999999999999,13.199999999999998,70.6,0.345,4.25,5.9984689413823284,5.9984689413823284
flat_slab,36.0,36.0,12.007874015748031,80.0,FEA,15.0,1882.2065483507454,374.8678192568362,1.0,true,0.6194721696728791,true,28.999999999999996,34.99999999999999,53.6,13.4,67.0,13.767,4.25,5.9984689413823284,5.9984689413823284
flat_slab,40.0,40.0,12.992125984251969,40.0,MDDM,14.543068480076357,2147.5617512700223,311.0950062885823,1.0,true,0.06536367017054034,true,32.0,35.99999999999999,58.6,12.8,71.4,1.131,4.25,6.6655730533683295,6.6655730533683295
flat_slab,40.0,40.0,12.992125984251969,40.0,DDM (Full),14.543068480076357,2147.5617512700223,311.0950062885823,1.0,true,0.06536367017054026,true,32.0,35.99999999999999,62.2,14.4,76.6,0.224,4.25,6.6655730533683295,6.6655730533683295
flat_slab,40.0,40.0,12.992125984251969,50.0,MDDM,14.543068480076357,2258.0135017826806,327.0950062885822,1.0,true,0.0817045877131754,true,32.0,35.99999999999999,61.599999999999994,12.8,74.39999999999999,1.131,4.25,6.6655730533683295,6.6655730533683295
flat_slab,40.0,40.0,12.992125984251969,50.0,DDM (Full),14.543068480076357,2258.0135017826806,327.0950062885822,1.0,true,0.0817045877131754,true,32.0,35.99999999999999,65.6,14.999999999999998,80.60000000000001,0.208,4.25,6.6655730533683295,6.6655730533683295
flat_slab,44.0,44.0,14.993438320209975,40.0,MDDM,15.99856836077309,3050.348442899357,332.7206119112133,1.0,true,0.06536367017054037,true,36.0,40.0,75.2,15.600000000000001,90.8,0.197,4.25,7.332677165354332,7.332677165354332
